{"t":"C","o":1,"i":2,"d":[[1,-0.802734375,-0.0625],[1,-0.705078125,0.1953125],[1,-0.501953125,0.43359375],[1,-0.201171875,0.3125],[1,0.001953125,0.11328125],[1,0.208984375,0.30078125],[1,0.427734375,0.46875],[1,0.591796875,0.30859375],[1,0.748046875,0.1171875],[1,0.794921875,-0.203125],[1,0.873046875,-0.33984375],[1,-0.970703125,-0.328125],[0,-0.470703125,0.203125],[0,-0.302734375,0.14453125],[0,-0.701171875,-0.15625],[0,-0.798828125,-0.40234375],[0,-0.501953125,-0.046875],[0,-0.267578125,-0.26953125],[0,-0.072265625,-0.04296875],[0,0.236328125,-0.2109375],[0,0.236328125,0.06640625],[0,0.318359375,0.1328125],[0,0.458984375,0.15625],[0,0.623046875,-0.09765625],[0,0.658203125,-0.21875],[0,0.466796875,-0.41796875],[1,0.072265625,0.01171875],[1,-0.099609375,0.1015625],[0,0.134765625,-0.1015625],[1,-0.001953125,0.0234375],[1,0.154296875,0.12109375],[1,-0.173828125,0.1875],[0,-0.212890625,0.078125],[0,0.162109375,-0.00390625],[0,-0.544921875,0.09375],[0,0.048828125,-0.0859375]]}
