{"t":"V","i":2,"o":1,"d":[[-0.005690064653110394,-0.9199999999999999,-0.7499999999999998],[-0.00992306028354406,-0.9199999999999999,-0.5899999999999996],[0.007660638267379394,-0.9199999999999999,-0.5799999999999996],[0.00716665475227618,-0.9099999999999999,-0.7899999999999998],[-0.009821614545268531,-0.9099999999999999,-0.5399999999999996],[-0.0018848402312841017,-0.8999999999999999,-0.8099999999999998],[-0.008559897572829378,-0.8999999999999999,-0.49999999999999956],[0.0012510207496703174,-0.8899999999999999,-0.8299999999999998],[0.0023536918817588237,-0.8799999999999999,-0.4299999999999995],[0.002171011308270021,-0.8699999999999999,-0.8599999999999999],[-0.0004416884267901544,-0.8699999999999999,-0.39999999999999947],[-0.007086125422438805,-0.8599999999999999,-0.8699999999999999],[0.0015095220789116404,-0.8599999999999999,-0.36999999999999944],[0.0075339956577940015,-0.8499999999999999,-0.3399999999999994],[-0.008832615208346883,-0.8299999999999998,-0.8999999999999999],[-0.0011070906826975424,-0.8199999999999998,-0.9099999999999999],[-0.002095858562566111,-0.8099999999999998,-0.22999999999999932],[-0.009445716253073666,-0.7899999999999998,-0.9299999999999999],[0.006770162426364301,-0.7699999999999998,-0.11999999999999923],[0.0059047827066320835,-0.7599999999999998,-0.95],[0.008325061562485914,-0.7399999999999998,-0.96],[-0.004926792507761402,-0.7099999999999997,-0.97],[0.00750487991850779,-0.6899999999999997,0.08000000000000075],[-0.003509929212105689,-0.6799999999999997,-0.98],[-0.004626958553115124,-0.6799999999999997,0.10000000000000074],[-0.009845663397992865,-0.6699999999999997,0.12000000000000073],[-0.007611477940048239,-0.6599999999999997,0.14000000000000073],[0.0025518755499547296,-0.6499999999999997,0.16000000000000075],[-0.0026199038129663954,-0.6399999999999997,-0.99],[0.004211773440830235,-0.5799999999999996,-1],[-0.002426323524490126,-0.5699999999999996,-1],[-0.007993041002857915,-0.5599999999999996,-1],[0.005962533131906866,-0.5499999999999996,0.28000000000000086],[0.00423802031104259,-0.5299999999999996,0.29000000000000087],[-0.005893546007412986,-0.4599999999999995,-1],[-0.0001396094857595287,-0.4499999999999995,-1],[0.006559763675272556,-0.4399999999999995,-1],[-0.0035196208912555704,-0.4399999999999995,0.29000000000000087],[-0.00009367655131775621,-0.37999999999999945,0.26000000000000084],[0.001281381419979244,-0.36999999999999944,-0.99],[-0.0004865876527158086,-0.3199999999999994,-0.98],[-0.003013999909741827,-0.28999999999999937,0.19000000000000078],[-0.0046019073787229026,-0.27999999999999936,-0.97],[0.0011616154506808307,-0.23999999999999932,-0.96],[-0.0042345532713632394,-0.22999999999999932,0.14000000000000073],[-0.008000442620919479,-0.2099999999999993,-0.95],[0.002315777051954626,-0.18999999999999928,0.11000000000000074],[0.0071391011960493245,-0.15999999999999925,0.09000000000000075],[0.007822157947220632,-0.07999999999999925,0.05000000000000076],[-0.007642840395356565,-0.059999999999999255,-0.8999999999999999],[-0.007563678026045295,-0.04999999999999925,0.04000000000000076],[-0.0039127010402850715,-0.02999999999999925,-0.8899999999999999],[-0.0006316379213577861,7.528699885739343e-16,-0.8799999999999999],[0.0017049505081496719,0.030000000000000755,-0.8699999999999999],[0.0027792612373112036,0.06000000000000076,-0.8599999999999999],[0.002483561110736332,0.09000000000000075,-0.8499999999999999],[0.001636329547110904,0.09000000000000075,0.05000000000000076],[0.0009468949348443445,0.12000000000000073,-0.8399999999999999],[-0.001445550672573681,0.15000000000000074,-0.8299999999999998],[-0.004041805458378178,0.18000000000000077,-0.8199999999999998],[0.006790462730648983,0.19000000000000078,0.10000000000000074],[-0.005922295385297538,0.2100000000000008,-0.8099999999999998],[-0.0059095964617021934,0.24000000000000082,-0.7999999999999998],[-0.0025891111420275337,0.27000000000000085,-0.7899999999999998],[0.005659427671981909,0.3000000000000009,-0.7799999999999998],[0.009112990074984673,0.3500000000000009,-0.7599999999999998],[-0.005731999053669057,0.3500000000000009,0.2000000000000008],[0.0018366269332501517,0.37000000000000094,-0.7499999999999998],[-0.0005039095895238432,0.39000000000000096,-0.7399999999999998],[-0.00034906332111006577,0.39000000000000096,0.2200000000000008],[0.002816968692064492,0.410000000000001,-0.7299999999999998],[0.006303461258688969,0.450000000000001,0.24000000000000082],[0.0011799632296831675,0.460000000000001,-0.6999999999999997],[0.009022869808018363,0.49000000000000105,-0.6799999999999997],[-0.009714286461277588,0.500000000000001,-0.6699999999999997],[-0.008470079017133259,0.530000000000001,0.24000000000000082],[-0.004825423634187587,0.6000000000000011,0.2100000000000008],[0.009301419846307724,0.6100000000000011,-0.5599999999999996],[-0.00019151127530925294,0.6300000000000011,-0.5299999999999996],[0.00553193411406383,0.6600000000000011,-0.47999999999999954],[0.006408379142683884,0.6600000000000011,0.15000000000000074],[0.003961877849763873,0.6700000000000012,-0.4599999999999995],[0.005996708535459305,0.7200000000000012,-0.3199999999999994],[0.002340108118483286,0.7300000000000012,-0.26999999999999935],[0.0018202132133353643,0.7300000000000012,-0.02999999999999925],[0.00963538615023296,0.7400000000000012,-0.17999999999999927],[0.0031644848919274438,0.7400000000000012,-0.16999999999999926],[-0.0009494451122975534,0.7400000000000012,-0.15999999999999925],[-0.0026673481207257765,0.7400000000000012,-0.14999999999999925],[-0.001953725294443487,0.7400000000000012,-0.13999999999999924],[0.0012232431887113648,0.7400000000000012,-0.12999999999999923],[0.00689158373140053,0.7400000000000012,-0.11999999999999923]]}